RELIANCE,TCS,HINDUNILVR,HDFCBANK,HDFC,INFY,KOTAKBANK,BHARTIARTL,ITC,ICICIBANK,SBIN,ASIANPAINT,DMART,BAJFINANCE,MARUTI,HCLTECH,LT,WIPRO,AXISBANK,ULTRACEMCO,HDFCLIFE,COALINDIA,ONGC,SUNPHARMA,NTPC,POWERGRID,TITAN,DABUR,IOC,BAJAJFINSV,PIDILITIND,BPCL,HINDZINC,BRITANNIA,SBILIFE,SHREECEM,BAJAJ-AUTO,SBICARD,TECHM,GODREJCP,DIVISLAB,DRREDDY,ICICIPRULI,ADANIPORTS,ICICIGI,BERGEPAINT,HDFCAMC,GSKCONS,INDIGO,SIEMENS,EICHERMOT,MARICO,M&M,JSWSTEEL,MCDOWELL-N,GAIL,CIPLA,COLPAL,DLF,TORNTPHARM,PGHH,BANDHANBNK,BIOCON,HEROMOTOCO,GRASIM,AMBUJACEM,TATASTEEL,HAVELLS,PETRONET,INFRATEL,HINDPETRO,YESBANK,ALKEM,BOSCHLTD,CADILAHC,IGL,LUPIN,UPL,NAUKRI,LTI,BANKBARODA,MRF,MUTHOOTFIN,NMDC,INDUSINDBK,UBL,PFC,AUROPHARMA,VEDL,ADANIGREEN,WHIRLPOOL,HONAUT,TATAMOTORS,PNB,HINDALCO,GLAXO,3MINDIA,PEL,KANSAINER,ADANITRANS,Sensex
2376.69,3537.16,2137.12,1372.96,2285.82,1703.13,1793.63,672.92,214.93,713.82,473.1,3035.18,4358.35,6832.12,7918.44,1114.89,1788.62,554.96,738.43,6401.57,525.44,180.8,164.94,826.04,132.03,209.96,2579.86,563.97,113.5,15844.2,2374.04,346.32,341.73,3388.93,1101.81,23904.02,3387.38,770.57,1398.08,752.89,4207.77,3911.81,486.09,709.26,1246.86,675.56,2086.87,,1824.48,2365.11,2532.36,510.25,786.46,642.76,881.75,151.83,922.05,1440.85,345.14,2768.43,15462.54,295.16,347.2,2450.7,1554.13,305.76,1280.64,1153.39,215.44,,271.85,12.95,3261.66,15593.57,,343.32,731.68,684.64,4530.87,5836.98,103.46,66037.71,1379.23,149.38,899.8,1480.15,109.81,619.44,390.17,1860.27,1665.52,40621.23,449.27,35.01,601.25,1531.25,21006.28,2086.0,443.58,2232.09,2004.89
2392.27,3553.27,2112.31,1377.34,2280.23,1722.78,1792.05,672.86,218.52,705.85,470.45,2913.77,4309.28,6822.47,7701.54,1141.11,1770.66,571.02,740.74,6145.2,542.25,191.31,166.42,824.46,131.73,216.31,2601.27,565.92,114.88,15894.61,2351.4,346.96,353.76,3393.51,1096.17,23300.66,3319.32,765.73,1430.04,737.12,4172.53,3771.57,473.11,709.72,1252.3,666.46,2111.31,,1749.44,2399.36,2459.7,512.75,773.41,654.98,877.13,157.22,936.4,1444.69,343.3,2803.53,15587.01,289.75,343.38,2431.25,1530.82,295.61,1309.97,1113.81,215.82,,279.45,13.03,3246.59,15369.01,,341.75,724.65,701.22,4625.4,5973.31,103.44,66127.82,1431.25,153.56,914.84,1421.46,110.71,621.42,391.81,1957.71,1655.78,40660.94,443.17,35.35,604.78,1530.52,21033.58,2088.69,438.1,2349.9,2077.82
2338.2,3525.56,2009.04,1359.66,2233.38,1714.49,1758.11,657.18,222.66,693.72,464.01,2728.62,4166.16,6579.07,7261.25,1141.58,1718.56,569.46,718.91,6004.28,522.34,184.96,166.42,828.01,131.21,214.31,2496.24,548.25,113.5,15426.71,2267.99,346.65,334.49,3333.19,1062.01,22500.99,3242.46,739.93,1442.73,720.09,4110.96,3775.0,453.93,699.98,1223.49,652.12,2072.18,,1690.06,2315.42,2343.15,502.25,740.02,643.58,840.98,157.43,933.84,1436.17,331.11,2773.91,15032.47,274.32,331.64,2328.15,1477.13,289.93,1297.98,1078.17,213.82,,282.02,12.93,3223.0,14859.84,,331.84,709.58,724.01,4398.26,6131.34,101.57,65723.82,1385.85,150.99,904.26,1338.92,109.11,611.5,385.56,1910.3,1638.16,39464.28,423.93,34.86,601.75,1501.23,20455.65,2047.39,436.08,2363.03,2101.41
2256.84,3491.46,1951.43,1314.7,2127.95,1734.13,1704.8,665.01,223.87,653.29,439.85,2663.47,4055.87,6209.68,6821.03,1143.22,1627.93,573.14,671.06,5755.44,504.89,186.51,180.36,820.45,128.89,212.37,2378.38,512.86,112.47,14527.58,2170.44,338.95,323.3,3203.41,1031.63,21945.79,3186.72,726.03,1437.15,674.53,4031.08,3750.85,445.72,675.57,1207.22,631.65,2025.57,,1619.64,2233.41,2241.52,484.21,693.23,631.74,784.32,160.46,934.28,1399.42,312.49,2715.41,14316.71,256.17,326.54,2202.79,1448.19,282.51,1279.85,1052.89,216.07,,276.48,12.68,3220.93,14248.95,,334.22,692.56,719.12,4289.56,6144.4,93.66,65506.33,1353.24,150.68,847.15,1299.56,105.81,600.7,382.23,1823.18,1604.88,39059.84,394.41,34.05,607.83,1505.75,19977.89,1914.94,426.51,2248.15,2050.69
2220.15,3570.91,1926.8,1305.18,2101.3,1771.93,1698.66,679.19,226.27,654.86,434.44,2675.67,4055.05,6073.8,6646.61,1170.63,1627.79,580.96,655.68,5739.79,504.92,189.21,183.28,842.1,133.39,215.71,2372.8,514.08,114.49,14283.98,2166.03,338.46,325.17,3096.69,1019.8,22124.16,3244.04,762.99,1455.67,689.05,4119.83,3818.26,439.06,683.05,1219.51,630.91,2074.39,,1586.45,2227.8,2215.43,484.67,689.71,625.04,777.58,158.66,961.55,1407.76,319.07,2728.46,14003.51,255.23,335.23,2189.77,1438.93,279.72,1263.11,1060.6,220.07,,269.34,12.74,3249.78,14361.46,,365.4,704.41,722.29,4328.5,6360.89,94.57,66121.23,1356.06,151.9,830.38,1318.18,107.09,620.97,381.03,1808.66,1574.29,39232.58,387.74,34.56,598.74,1492.32,19893.82,1909.33,427.95,2210.88,2108.53
2316.35,3631.79,1987.37,1347.62,2180.0,1818.64,1712.61,690.95,228.8,665.91,445.45,2775.7,4133.17,6312.35,6918.36,1187.04,1679.88,591.12,669.8,5949.66,515.72,188.26,177.98,874.55,131.79,208.64,2418.17,523.96,116.83,14808.42,2206.14,342.23,319.55,3124.69,1028.22,22000.49,3327.17,786.03,1500.35,700.37,4236.57,3949.86,450.66,708.34,1227.05,648.05,2123.61,,1710.01,2267.26,2270.85,493.58,724.03,626.11,808.06,154.98,979.44,1447.73,335.57,2783.03,14376.7,263.96,336.97,2267.47,1490.55,286.75,1260.29,1095.0,214.98,,270.13,12.79,3319.88,14270.19,,371.06,732.03,722.69,4507.8,6445.49,98.02,66505.62,1419.84,153.38,857.55,1373.59,110.21,631.77,370.63,1832.27,1576.55,39950.18,399.37,35.28,589.95,1535.45,19930.32,1988.79,436.47,2226.69,2181.68
2386.79,3639.93,2090.55,1404.82,2249.72,1823.68,1774.88,700.04,230.14,689.69,469.95,2949.92,4179.59,6657.93,7270.31,1186.24,1733.58,589.55,704.02,6145.33,523.55,179.14,172.52,871.81,133.4,208.98,2473.18,539.94,120.31,15606.58,2327.8,349.85,315.03,3190.03,1046.33,22289.87,3412.31,807.79,1494.38,721.27,4303.29,3916.32,463.21,730.32,1269.01,680.68,2160.97,,1797.92,2316.1,2334.0,501.29,748.51,640.92,848.17,148.39,985.08,1487.46,355.45,2777.34,15357.69,274.01,334.76,2338.6,1558.32,296.11,1280.13,1121.74,209.6,,281.65,12.9,3304.92,14454.42,,381.44,742.44,731.48,4639.47,6301.22,103.28,66944.54,1410.63,152.03,911.03,1414.44,112.07,632.87,372.09,1889.93,1615.49,40406.56,426.4,36.3,582.8,1544.39,20363.1,2035.74,452.95,2259.08,2472.8
2396.11,3615.45,2090.45,1396.47,2233.07,1822.73,1761.78,696.36,234.51,677.53,470.21,2919.67,4172.26,6614.52,7118.54,1194.47,1726.73,586.57,696.85,6039.22,518.88,181.22,174.23,894.57,132.12,210.65,2477.31,546.75,122.28,15588.22,2327.06,356.29,312.4,3214.54,1058.37,22262.4,3421.96,805.58,1484.98,704.85,4313.25,3956.77,460.97,727.9,1254.12,677.72,2157.85,,1818.59,2344.24,2286.79,505.91,733.94,665.6,849.66,151.87,1023.44,1501.35,353.55,2810.24,15304.17,262.62,331.96,2328.0,1562.96,292.42,1316.2,1098.29,207.86,,288.94,12.8,3339.64,14225.27,,382.0,747.57,722.92,4586.14,6204.31,103.46,67414.85,1387.73,156.7,904.01,1421.68,112.33,639.29,380.59,1877.71,1580.57,40170.27,413.88,36.14,594.0,1552.21,19961.97,2016.46,451.59,2270.52,2776.67
2401.52,3620.43,2060.41,1433.68,2254.42,1872.1,1768.54,699.75,237.88,691.15,480.43,2954.17,4171.89,6582.43,7186.66,1200.58,1737.41,596.3,701.81,6022.66,512.39,179.91,172.26,899.98,131.54,211.91,2511.13,537.53,121.18,15604.89,2347.71,357.13,310.96,3176.35,1059.06,22203.8,3419.73,813.54,1500.9,707.46,4378.09,3960.49,459.81,729.75,1246.83,670.62,2144.52,,1827.33,2363.14,2279.0,507.07,734.96,664.86,856.35,152.54,1046.67,1509.28,345.72,2820.07,15207.81,264.28,328.02,2322.05,1569.21,291.61,1293.34,1090.63,205.73,,281.94,12.72,3381.0,14007.09,,389.05,745.38,729.36,4547.6,6269.87,105.51,67971.92,1351.06,156.81,902.55,1443.86,111.46,634.36,375.27,1832.89,1556.4,40237.8,409.95,36.29,585.83,1554.68,19605.36,2034.34,448.92,2273.01,2915.43
2386.09,3627.9,2052.12,1435.02,2273.32,1852.89,1748.01,703.6,238.48,699.51,485.62,2992.99,4204.38,6677.97,7492.9,1188.64,1747.43,593.02,706.29,6102.4,511.2,175.19,164.13,892.19,131.56,210.31,2557.78,552.95,119.47,15754.42,2377.46,353.89,308.34,3221.85,1071.49,22596.96,3461.34,819.96,1479.87,728.05,4418.2,3930.5,462.66,728.37,1231.84,693.07,2146.93,,1852.15,2326.45,2319.61,510.61,760.62,645.57,858.22,148.8,1068.56,1524.92,345.37,2889.0,15386.31,282.4,331.4,2342.8,1578.1,297.23,1251.97,1095.28,202.99,,276.78,12.75,3383.14,14068.12,,389.13,746.06,739.61,4459.36,6098.86,107.11,68341.04,1352.55,149.91,906.94,1437.73,111.8,630.46,362.4,1806.36,1559.96,40212.06,416.5,36.58,565.04,1571.79,19755.57,2111.25,455.59,2244.89,2922.11
2396.17,3640.94,2047.26,1446.5,2295.62,1874.83,1763.79,709.69,240.65,706.68,492.21,3032.39,4189.33,6829.54,7497.48,1192.73,1757.12,596.28,721.66,6214.45,515.08,175.6,165.38,887.33,132.28,209.77,2582.49,562.46,120.58,16101.37,2442.42,354.0,310.42,3277.0,1085.59,23316.61,3532.62,833.23,1481.23,735.89,4410.5,3924.46,465.85,724.45,1230.38,702.77,2195.2,,1895.43,2356.7,2354.96,522.31,772.02,654.78,879.6,150.94,1056.28,1517.53,351.97,2850.88,15283.45,289.1,328.92,2354.49,1600.25,304.37,1258.54,1125.5,202.8,,275.76,12.79,3404.0,14105.33,,388.29,745.47,750.06,4465.28,6048.4,107.81,68453.17,1336.67,150.36,926.54,1465.37,112.26,631.24,369.65,1830.52,1585.01,40066.51,424.01,35.98,569.64,1553.72,19627.59,2138.51,454.39,2281.72,2980.28
2456.66,3685.79,2098.61,1482.21,2397.65,1869.74,1814.76,723.45,244.3,720.5,501.29,3136.49,4199.26,6999.08,7665.99,1197.56,1789.5,605.0,741.29,6420.04,526.31,177.22,168.9,904.89,132.94,210.21,2690.83,561.03,121.09,16429.7,2515.02,362.78,310.64,3334.03,1120.13,24140.02,3642.53,850.28,1498.22,753.8,4484.51,4017.1,486.35,738.79,1237.19,717.61,2240.26,,1899.77,2382.22,2433.37,524.58,790.0,682.58,909.15,151.78,1051.92,1532.8,362.24,2910.67,15489.02,299.6,331.6,2408.91,1630.22,309.79,1297.78,1161.59,205.26,,281.05,12.94,3442.3,14521.97,,393.96,764.24,759.89,4601.37,6114.05,108.71,69253.03,1342.66,151.36,941.35,1474.49,115.59,643.92,378.2,1879.59,1655.39,39685.04,433.11,36.1,578.66,1576.35,20059.32,2249.53,470.14,2372.08,2890.4
2465.17,3650.28,2066.15,1484.44,2407.8,1858.7,1786.61,714.53,245.28,712.37,493.32,3073.28,4129.46,6920.21,7841.59,1184.45,1765.91,606.59,730.84,6263.26,526.77,182.49,173.22,922.76,132.46,207.56,2733.75,552.64,119.14,16250.74,2501.31,360.68,312.47,3275.05,1109.99,23627.97,3654.16,843.99,1497.61,727.06,4483.77,4036.8,486.45,738.78,1250.95,700.1,2195.36,,1850.71,2361.58,2397.51,511.36,784.56,689.69,916.01,145.62,1057.97,1521.87,359.57,2797.32,15577.02,295.55,332.3,2414.82,1581.21,302.31,1318.78,1150.89,198.11,,275.95,13.14,3485.27,14419.16,,379.66,765.72,772.31,4699.64,6059.82,106.93,67919.94,1349.33,152.66,918.96,1461.69,115.62,676.05,397.77,1890.93,1649.4,39458.09,430.44,35.86,594.14,1585.95,19967.92,2282.17,471.39,2301.72,952.72
2508.41,3674.13,1989.54,1478.67,2381.46,1873.62,1778.54,714.25,247.49,710.64,486.29,3017.34,4057.69,6893.67,7686.4,1173.35,1746.78,604.33,718.46,6140.07,523.62,183.34,177.7,913.36,132.78,207.59,2686.88,535.69,120.25,16262.71,2436.36,364.17,313.44,3161.71,1088.46,23308.06,3611.89,834.55,1513.32,698.18,4451.68,3991.12,479.47,733.94,1241.18,689.2,2149.24,,1801.93,2300.89,2368.1,492.05,775.74,689.93,903.34,144.17,1033.05,1496.94,352.04,2743.52,15490.75,290.73,332.55,2391.53,1560.01,300.04,1308.02,1115.65,194.27,,281.11,12.85,3543.95,14145.92,,371.52,757.9,779.99,4721.19,6082.27,105.55,66686.18,1356.15,152.7,916.58,1426.93,115.57,684.37,408.41,1879.02,1596.9,39307.88,432.31,35.47,594.65,1564.37,19828.21,2198.38,460.2,2327.96,951.96
2546.52,3708.22,1989.27,1481.7,2375.4,1878.22,1790.54,706.42,251.88,720.32,495.13,3026.53,4090.41,7032.44,7683.62,1181.77,1771.67,610.96,731.77,6247.05,529.15,181.46,176.05,914.23,133.1,209.49,2705.7,527.7,121.41,16521.63,2431.32,367.77,312.47,3114.97,1095.73,23474.74,3623.16,861.08,1546.62,695.04,4542.42,4147.67,482.29,740.43,1260.37,688.62,2217.51,,1827.12,2282.13,2393.02,487.26,779.12,702.86,912.28,144.65,1026.04,1527.8,361.28,2835.83,15327.45,305.36,338.78,2381.81,1580.39,298.83,1321.71,1146.07,194.72,,285.01,12.86,3643.97,14267.82,,377.74,756.87,787.49,4680.77,6118.7,107.32,67118.77,1347.14,151.22,934.37,1432.98,116.23,695.3,405.46,1914.52,1641.89,39165.58,439.74,35.94,604.86,1566.41,20366.6,2215.3,459.18,2407.05,957.83
2557.8,3741.33,1972.86,1449.15,2326.46,1883.95,1712.21,704.7,254.29,705.87,489.44,3008.92,4053.96,6985.54,7592.16,1185.76,1768.34,610.7,723.63,6318.87,523.4,187.06,177.79,904.61,134.93,210.14,2636.34,526.34,121.17,16411.71,2425.35,364.35,314.36,3111.33,1090.38,23369.62,3603.26,850.5,1558.79,696.79,4514.87,4283.58,480.39,736.05,1243.95,684.75,2189.81,,1850.56,2287.42,2370.39,481.41,770.18,714.18,908.83,146.68,1023.11,1517.92,356.6,2842.35,15133.08,298.34,340.87,2402.01,1592.66,297.53,1348.57,1142.82,196.83,,276.05,12.8,3622.45,14160.12,,376.42,769.24,796.43,4560.2,6125.4,106.57,66983.8,1346.0,156.11,927.98,1455.35,116.14,713.16,412.73,1907.55,1633.43,38923.09,432.4,35.7,621.74,1557.3,20024.78,2237.45,457.45,2404.14,936.21
2596.66,3716.53,1955.28,1430.95,2300.8,1874.13,1723.04,709.95,252.48,700.66,490.04,3018.28,4012.07,6991.83,7435.39,1185.74,1754.24,605.05,719.96,6339.43,522.21,186.75,177.0,903.05,134.9,208.72,2542.6,521.92,119.31,16356.79,2443.09,360.39,312.01,3091.16,1092.49,23275.84,3639.25,853.76,1544.17,687.58,4459.96,4334.52,488.33,738.23,1259.79,684.74,2170.34,,1935.21,2283.18,2348.28,477.81,764.48,719.64,893.6,147.57,1013.59,1510.8,362.07,2761.61,14836.07,301.3,347.65,2395.34,1593.33,297.05,1350.11,1145.15,196.38,,273.73,12.75,3611.91,14134.39,,370.36,760.03,805.24,4537.21,6167.05,108.08,66500.02,1294.08,158.63,925.18,1445.87,115.54,718.69,411.64,1914.46,1605.34,38550.12,432.99,35.58,623.55,1552.02,20043.2,2220.82,455.38,2433.39,905.39
2611.69,3689.86,1955.11,1417.35,2260.81,1867.81,1710.71,722.55,255.73,705.39,491.67,3023.02,4003.31,6958.49,7470.94,1165.1,1739.14,601.36,727.14,6326.38,511.91,190.96,176.39,904.47,134.63,209.99,2513.34,514.81,119.38,16363.47,2407.01,359.75,310.58,3084.89,1079.52,23105.76,3701.78,849.3,1524.36,679.31,4410.26,4278.19,475.1,735.0,1256.77,680.0,2103.75,,1966.96,2263.12,2354.68,473.27,761.65,726.41,876.31,152.12,1021.72,1515.69,361.95,2718.58,14523.93,299.31,344.4,2373.46,1593.01,291.7,1341.72,1127.46,192.86,,268.13,12.61,3620.72,13993.59,,365.16,755.04,783.7,4404.63,6044.59,110.02,65489.35,1293.34,160.26,932.47,1425.86,113.86,714.35,413.35,1917.89,1568.97,38136.95,431.2,35.33,628.11,1537.3,19598.56,2185.52,447.27,2441.12,897.5
2623.0,3707.08,1984.93,1442.08,2318.03,1875.61,1731.66,751.53,255.06,712.64,496.03,3052.13,4003.69,7023.87,7492.26,1168.94,1740.81,602.19,736.28,6506.23,520.17,186.9,171.99,913.69,134.45,211.94,2541.94,517.03,119.39,16516.5,2406.81,359.97,309.17,3107.72,1098.0,23590.97,3696.41,850.18,1525.27,693.55,4537.92,4316.46,492.03,754.87,1276.66,691.63,2099.82,,1986.27,2292.81,2428.07,480.41,774.53,744.65,868.24,152.12,1033.24,1523.44,370.1,2787.27,14634.29,295.26,345.06,2259.17,1619.29,300.47,1335.58,1148.86,193.42,,268.3,12.57,3636.48,14135.6,,370.89,760.07,783.71,4482.68,6036.47,111.8,65888.29,1297.84,159.81,929.93,1414.29,112.72,692.45,411.13,1921.74,1574.51,38658.23,435.02,35.27,629.23,1650.46,19546.4,2194.06,448.98,2465.1,897.77
2661.36,3723.34,2009.75,1468.52,2375.78,1906.67,1753.54,756.69,251.58,727.15,496.58,3077.9,4020.02,7221.88,7587.36,1172.1,1767.48,604.1,753.77,6632.73,535.93,184.8,162.6,917.08,134.99,216.2,2536.83,524.25,117.24,17019.38,2426.23,360.58,311.08,3143.08,1117.5,24040.47,3698.48,871.19,1495.77,718.93,4580.64,4336.41,498.31,769.15,1311.71,692.77,2144.11,,1988.69,2326.53,2483.11,488.5,789.62,728.13,872.95,153.11,1037.63,1528.49,381.85,2807.81,14135.3,302.91,343.4,2262.29,1661.44,302.63,1308.4,1153.52,196.27,,266.1,12.34,3626.38,14390.78,,372.68,755.39,779.2,4592.9,6221.06,113.82,65488.76,1306.2,158.59,931.78,1426.61,112.44,679.24,400.4,1937.9,1580.89,39688.28,439.04,35.16,605.56,1670.09,19679.22,2218.3,450.98,2439.65,926.73
2642.0,3743.43,2038.92,1473.98,2401.07,1904.15,1761.76,748.4,251.19,732.05,494.45,3098.04,4013.45,7319.35,7576.32,1165.74,1767.17,594.86,758.27,6625.43,541.14,183.15,163.55,917.19,135.06,215.97,2534.2,535.02,119.56,17135.3,2458.39,360.85,311.66,3191.38,1121.24,24054.75,3665.19,857.02,1500.82,742.78,4451.56,4335.85,499.79,774.64,1337.5,698.65,2170.21,,2007.37,2351.84,2462.65,501.43,807.51,730.66,885.5,155.34,1018.46,1541.35,381.89,2794.26,14383.4,305.42,338.04,2298.57,1662.97,300.64,1311.19,1153.35,194.52,,269.97,12.34,3621.7,14407.03,,376.67,746.18,769.92,4564.01,6227.99,112.36,65196.12,1321.03,162.37,932.62,1474.78,112.87,672.4,405.1,1906.02,1572.98,39657.84,435.36,35.12,576.51,1669.61,19662.67,2193.61,469.82,2367.88,946.63
2641.48,3747.37,2064.16,1494.73,2418.86,1894.62,1773.67,757.01,251.32,732.49,503.37,3103.16,4051.3,7345.26,7631.34,1163.84,1778.97,596.88,766.97,6631.6,547.23,185.97,165.79,909.67,140.85,223.1,2510.21,541.21,120.88,17115.78,2472.96,370.03,318.2,3219.65,1103.96,24390.75,3707.46,863.17,1487.32,749.93,4373.17,4296.94,502.72,784.47,1338.28,705.19,2235.76,,1992.85,2376.69,2465.98,512.9,818.92,737.47,893.16,159.35,1013.93,1544.58,383.92,2783.89,14407.26,316.83,340.36,2209.74,1667.04,303.06,1321.2,1165.35,197.16,,273.88,12.58,3517.47,14513.43,,377.4,754.22,777.48,4568.74,6158.74,114.83,65961.24,1347.69,165.42,956.56,1502.4,115.03,676.83,406.9,1932.26,1599.93,39691.29,437.6,36.05,568.47,1662.37,20070.12,2217.65,464.16,2407.89,932.57
2658.17,3767.16,2110.64,1651.17,2721.95,1884.52,1804.47,767.53,254.24,742.4,511.42,3118.57,4108.74,7503.64,7718.17,1178.86,1813.66,604.34,776.87,6708.85,579.33,187.36,167.46,919.21,144.29,225.77,2526.48,540.09,122.31,17205.95,2495.97,378.39,323.91,3259.95,1117.09,24649.89,3750.9,881.18,1497.36,764.76,4445.17,4306.57,511.75,804.26,1352.9,719.04,2386.47,,2009.34,2409.49,2488.57,527.05,826.65,733.12,909.77,162.61,1016.74,1559.18,386.71,2825.24,14294.18,320.85,345.38,2292.37,1675.18,308.63,1336.98,1181.2,198.53,,279.25,12.95,3488.1,14821.48,,389.33,774.13,786.06,4670.32,6292.51,116.21,66963.57,1357.09,169.47,975.72,1523.42,118.3,689.11,415.56,2026.86,1628.6,39879.53,446.28,36.76,579.53,1635.57,20383.42,2254.92,462.84,2426.03,925.13
2636.9,3813.04,2143.56,1619.67,2638.5,1871.26,1817.83,767.2,258.9,747.59,512.46,3136.1,4125.4,7396.47,7826.44,1196.58,1835.81,601.9,785.79,6740.49,569.63,187.71,171.21,930.81,147.61,230.13,2552.85,549.72,122.96,16942.67,2510.93,379.73,330.52,3297.39,1118.31,25084.87,3798.93,849.81,1501.26,776.3,4472.85,4357.54,507.71,846.58,1348.96,725.29,2342.81,,2003.44,2446.9,2570.14,541.66,841.65,736.89,924.68,161.91,1025.55,1579.45,392.67,2797.22,14353.64,316.75,347.53,2335.47,1698.5,315.21,1343.14,1243.55,200.05,,280.97,13.05,3522.21,14975.99,,390.66,786.59,794.7,4757.96,6371.37,116.36,67770.43,1365.27,169.62,981.98,1548.49,119.81,704.42,421.48,2175.67,1669.1,39934.11,457.79,37.11,585.59,1636.35,21199.22,2258.71,468.85,2463.52,912.37
2613.61,3761.93,2146.72,1564.33,2558.47,1835.98,1780.54,774.03,260.2,739.21,510.73,3143.89,4103.76,7353.0,7755.53,1174.73,1849.43,593.87,774.39,6744.43,558.62,193.96,172.67,930.83,153.21,235.53,2543.41,543.74,124.8,16742.33,2522.12,383.55,332.39,3273.19,1108.95,24894.42,3776.26,849.67,1461.73,756.5,4451.46,4311.57,513.08,853.17,1363.44,723.64,2326.54,,1987.2,2460.48,2536.79,523.86,828.66,739.66,932.81,161.95,1026.33,1585.8,398.04,2749.47,14437.17,313.44,349.84,2331.37,1705.1,320.54,1370.35,1250.2,200.09,,287.87,14.2,3503.65,14974.87,,386.44,778.04,806.0,4741.14,6329.31,118.21,67625.44,1367.49,172.0,969.55,1553.56,121.81,707.14,424.15,2207.24,1658.27,39774.86,458.18,37.33,581.97,1619.87,21410.93,2278.69,460.06,2470.01,909.73
2583.1,3705.25,2163.51,1525.08,2478.02,1816.28,1773.46,766.75,258.62,749.8,515.08,3170.81,4193.03,7306.68,7681.01,1173.29,1826.66,583.33,787.27,6749.63,557.33,194.08,170.79,934.28,155.43,234.17,2480.98,551.57,124.92,16574.59,2520.04,383.22,336.37,3292.3,1107.17,24825.13,3795.07,860.01,1465.02,779.98,4427.3,4321.46,522.28,840.56,1393.47,730.91,2307.03,,1978.99,2475.06,2550.24,516.48,831.75,733.56,911.54,161.61,1045.65,1587.74,402.42,2743.16,14451.26,318.62,352.99,2355.12,1681.93,324.19,1360.25,1263.33,201.11,,289.53,15.55,3494.82,14982.11,,385.16,782.17,801.54,4798.1,6243.83,120.46,67448.29,1365.77,171.32,973.91,1571.77,122.94,703.64,430.91,2220.42,1664.56,40496.7,454.17,37.85,573.77,1629.19,21204.8,2343.83,463.61,2545.78,895.67
2602.86,3677.34,2179.48,1510.81,2452.67,1821.62,1772.61,762.21,263.51,751.07,516.11,3188.51,4163.11,7325.81,7586.29,1170.39,1828.52,584.19,794.74,6806.67,561.0,195.18,170.14,925.2,152.21,231.98,2490.54,555.34,125.97,16665.36,2519.63,383.45,337.43,3332.08,1138.99,25041.33,3796.21,853.18,1453.55,815.48,4478.26,4395.6,529.24,833.34,1381.7,732.53,2280.18,,2009.89,2507.84,2545.24,515.18,847.25,750.83,906.16,161.41,1012.13,1571.71,399.43,2778.11,14453.24,323.99,355.16,2353.05,1748.11,334.97,1368.69,1268.46,200.96,,293.33,15.63,3478.77,15017.84,,381.79,783.46,811.96,4835.47,6146.25,119.73,67375.54,1375.52,173.58,979.68,1588.78,122.3,701.09,429.9,2296.79,1664.55,41122.16,452.71,37.72,581.59,1616.4,21264.84,2335.98,462.82,2534.05,903.52
2606.45,3690.42,2160.95,1501.19,2436.66,1775.12,1789.16,761.44,269.3,760.61,518.25,3176.75,4181.01,7338.37,7546.25,1138.92,1794.09,573.04,789.28,6867.81,566.81,195.66,171.09,925.13,153.15,230.66,2492.73,554.2,128.53,16658.46,2474.53,388.0,345.69,3339.77,1141.61,25253.79,3791.19,850.07,1446.34,812.02,4486.71,4403.58,534.26,851.38,1363.53,734.5,2261.33,,2003.57,2501.23,2555.55,519.95,855.9,767.4,909.42,164.53,1020.07,1556.99,399.34,2811.68,14479.9,322.29,355.89,2341.01,1804.06,358.5,1368.12,1274.57,202.88,,302.61,15.36,3490.53,15034.91,,385.83,784.05,817.65,4879.82,6048.22,121.33,67776.22,1370.96,173.95,988.27,1587.7,121.12,702.36,436.02,2551.25,1703.84,40499.98,454.67,37.66,579.28,1650.52,21459.51,2332.24,466.77,2693.38,896.75
2571.18,3706.35,2138.76,1492.32,2423.08,1741.39,1796.34,747.78,265.72,759.11,510.3,3136.9,4114.8,7266.97,7619.12,1133.98,1744.41,560.87,788.94,6774.21,565.91,187.52,169.67,920.0,152.36,230.99,2474.98,553.39,126.78,16340.73,2401.35,380.86,340.79,3338.76,1137.66,25149.85,3715.97,841.73,1422.88,807.95,4483.9,4360.87,533.59,848.19,1353.59,722.89,2229.65,,1945.72,2466.95,2519.56,517.93,854.47,751.04,902.86,167.09,1022.52,1550.65,394.89,2825.43,14474.76,327.04,346.3,2302.65,1771.53,362.27,1315.64,1259.07,201.5,,291.19,14.72,3464.53,14676.98,,378.65,775.09,808.06,4779.23,5901.28,119.42,67216.12,1348.19,170.08,976.87,1550.29,118.47,684.05,420.61,2832.45,1683.69,39872.69,439.2,36.71,547.05,1646.3,21285.02,2272.13,469.22,2802.71,906.79
2565.29,3673.55,2147.26,1477.78,2399.07,1747.21,1796.58,746.35,267.07,766.95,517.08,3084.45,4094.21,7335.33,7551.81,1132.33,1759.24,559.96,797.59,6742.16,565.08,188.45,173.74,933.3,153.93,231.0,2465.68,555.17,128.06,16238.78,2377.59,380.48,352.52,3360.09,1147.1,25359.55,3699.71,838.4,1415.41,798.96,4477.83,4312.9,540.86,844.86,1355.43,723.23,2211.48,,1915.86,2466.32,2513.77,518.6,868.84,769.22,901.67,168.49,1020.4,1535.1,394.7,2847.97,14545.18,330.4,351.84,2284.0,1758.76,368.02,1328.33,1265.55,202.7,,291.92,14.62,3448.04,14587.14,,386.52,772.34,824.94,4762.31,5962.1,120.33,67688.01,1343.77,168.88,990.55,1538.02,118.25,685.4,425.46,2861.27,1678.92,39960.94,434.93,36.86,547.69,1643.72,21274.2,2286.82,467.47,2710.39,901.28
2538.38,3548.77,2169.78,1408.02,2282.57,1625.94,1746.44,728.67,269.67,756.1,509.48,3032.74,4049.12,7280.89,7500.98,1098.11,1728.99,540.77,787.22,6641.73,569.8,188.62,177.06,928.15,160.94,229.93,2461.41,559.21,127.87,15798.49,2357.75,373.64,345.89,3339.6,1169.19,25292.83,3716.87,813.22,1343.01,796.65,4529.75,4275.39,551.59,833.04,1357.77,717.37,2196.72,,1860.03,2428.18,2485.38,519.47,871.04,767.63,887.57,168.75,1021.6,1536.76,385.24,2860.5,14408.61,321.4,342.17,2268.48,1741.66,366.36,1343.07,1280.03,203.56,,284.85,14.12,3424.89,14462.66,,392.77,772.04,802.61,4665.22,5920.31,115.02,66841.87,1310.0,167.9,974.17,1509.1,118.03,673.88,424.98,2893.44,1641.81,40021.29,429.12,36.06,543.64,1638.0,21206.53,2230.86,464.67,2667.81,885.1
2628.35,3508.54,2160.01,1361.49,2179.3,1589.69,1732.99,728.28,267.74,769.6,515.99,3020.76,4048.22,7342.6,7565.19,1090.34,1723.92,536.67,807.64,6673.53,561.63,198.78,178.28,929.86,163.78,230.78,2493.73,560.74,131.14,15842.2,2355.2,379.42,346.55,3334.04,1156.9,25410.36,3717.0,802.15,1324.55,793.72,4478.58,4253.76,531.64,836.8,1359.87,716.62,2148.17,,1895.3,2419.44,2525.67,514.72,880.55,773.7,881.94,171.83,1016.18,1530.09,385.81,2877.28,14581.31,328.58,342.38,2297.81,1744.68,359.32,1350.88,1290.71,205.52,,293.37,13.93,3446.99,14458.86,,391.88,772.36,815.05,4695.87,5641.64,115.29,67003.93,1317.0,171.9,979.62,1498.04,120.26,667.94,431.97,2979.34,1611.5,40259.28,433.28,36.16,549.32,1638.65,21478.4,2243.21,474.56,2684.1,873.11
2710.69,3546.74,2149.05,1349.57,2168.09,1583.99,1704.7,738.03,260.75,760.35,510.2,3050.13,4031.97,7100.51,7630.03,1081.25,1685.86,536.75,795.91,6750.86,552.06,201.17,175.84,923.52,161.04,226.26,2480.47,551.24,133.05,15590.4,2360.59,386.59,346.65,3311.14,1127.01,25525.72,3704.86,796.03,1309.92,796.92,4443.22,4291.63,522.2,827.5,1360.2,715.12,2107.76,,1887.88,2369.91,2533.36,507.84,883.0,745.84,864.07,165.69,1006.0,1516.29,378.35,2880.45,14450.22,324.7,348.74,2281.84,1740.34,367.31,1318.65,1289.21,204.1,,299.26,13.92,3380.24,14343.52,,381.02,785.92,817.43,4657.12,5224.0,112.99,67612.11,1311.91,170.18,968.33,1484.45,118.13,670.57,423.25,2883.18,1615.08,40153.98,436.45,35.77,544.18,1649.96,20921.26,2228.23,471.43,2700.69,860.76
2773.48,3619.23,2190.94,1363.26,2212.18,1615.82,1747.16,738.7,261.61,759.27,515.24,3150.18,4052.3,7123.97,7797.04,1094.44,1715.39,539.84,797.76,6852.76,566.78,205.72,174.51,937.51,161.77,226.59,2507.76,557.7,134.56,15807.34,2401.53,395.26,349.17,3345.97,1141.12,25925.64,3708.16,794.22,1310.02,799.38,4517.59,4326.53,534.16,845.67,1389.45,717.9,2092.94,,1922.86,2380.09,2616.43,517.91,901.35,733.14,871.99,162.63,1002.68,1544.52,385.95,2840.56,14269.05,332.97,368.14,2303.47,1751.79,379.2,1301.15,1312.04,209.38,,301.38,14.12,3410.87,14554.44,,379.21,781.54,827.31,4627.2,5078.11,113.72,68938.17,1332.12,169.07,987.76,1483.26,118.85,673.37,423.71,2806.75,1635.29,40402.55,445.15,35.92,540.67,1631.51,21101.91,2237.84,475.59,2701.6,846.69
2768.55,3602.06,2152.13,1360.9,2216.23,1596.27,1732.34,737.19,260.66,751.55,505.07,3151.4,4020.48,7136.55,7925.54,1113.66,1701.8,537.06,785.24,6761.0,557.4,205.59,174.72,929.54,161.43,226.33,2507.85,560.03,134.77,15559.94,2417.25,394.28,348.22,3354.16,1132.68,25850.64,3651.81,817.86,1309.42,796.53,4481.18,4213.48,526.68,876.01,1328.31,716.1,2060.79,,1926.92,2358.01,2615.68,515.17,912.33,728.8,874.75,164.44,973.65,1601.28,382.86,2749.31,14345.12,334.36,378.67,2293.48,1730.52,375.79,1291.07,1318.17,208.01,,299.74,14.03,3391.39,14542.45,,379.62,760.66,818.44,4641.37,5135.12,112.32,69135.07,1324.12,168.3,970.69,1529.65,118.87,674.7,419.88,2880.84,1646.06,40900.92,442.67,35.72,518.72,1607.69,20522.03,2203.15,472.87,2662.55,851.52
2711.2,3557.8,2100.97,1352.5,2195.78,1561.35,1719.89,736.43,255.29,755.81,495.06,3125.39,3993.49,7007.71,7939.42,1089.22,1663.24,527.62,782.02,6625.98,541.72,192.41,170.3,905.94,157.08,223.38,2463.38,553.75,129.19,15280.06,2406.29,373.57,327.37,3270.43,1101.31,25717.33,3684.09,800.88,1272.38,761.44,4414.6,4109.72,511.69,863.77,1298.87,710.58,2003.36,,1874.79,2277.0,2622.63,513.28,917.24,708.23,850.12,158.97,953.98,1608.81,366.55,2734.59,14120.08,331.46,378.65,2301.54,1693.06,381.63,1233.13,1301.15,202.33,,292.16,13.77,3320.41,14188.69,,370.31,731.68,799.35,4536.48,4906.53,110.95,68933.63,1272.38,159.82,945.63,1530.62,116.35,648.54,403.1,2825.09,1621.84,40485.19,428.81,35.0,498.94,1589.77,20280.76,2130.24,465.85,2649.82,824.74
2744.48,3550.67,2140.51,1371.84,2225.72,1582.67,1740.44,750.75,258.6,757.66,504.31,3124.7,4029.1,7185.56,7941.16,1097.25,1679.52,532.42,785.54,6653.96,546.85,190.57,167.48,916.94,157.13,229.23,2508.0,557.49,128.91,15428.78,2426.72,372.52,320.82,3368.01,1093.99,26162.91,3833.67,814.0,1274.23,788.0,4497.14,4161.0,524.85,895.03,1316.75,718.31,2027.2,,1870.43,2282.43,2646.64,528.04,935.55,719.66,866.4,156.75,973.68,1622.41,373.54,2729.24,14022.27,339.24,382.54,2379.76,1713.11,385.18,1233.12,1314.19,202.35,,291.51,13.79,3312.19,14461.15,,378.14,752.47,813.04,4550.45,4839.92,114.17,70635.41,1290.91,160.09,976.58,1561.22,117.87,639.96,408.12,2919.96,1624.45,41238.18,434.74,35.44,493.55,1589.98,20100.09,2203.91,470.6,2753.17,832.48
2794.98,3540.41,2134.16,1370.67,2221.88,1557.11,1742.2,753.6,257.23,739.22,496.78,3132.94,3992.39,6844.72,7792.56,1084.88,1681.36,518.85,762.55,6563.49,547.19,188.17,165.6,910.09,156.89,229.84,2503.3,555.42,126.45,14937.01,2411.1,366.61,317.32,3348.48,1073.93,25696.78,3888.56,824.87,1260.18,790.22,4478.23,4094.85,515.66,903.22,1319.66,713.09,2079.52,,1805.74,2257.73,2642.0,529.23,931.23,720.44,864.31,155.56,973.02,1629.68,374.1,2707.1,13965.39,333.18,378.75,2463.31,1692.99,382.6,1231.77,1332.6,204.93,,283.8,13.6,3301.22,14379.93,,376.71,746.06,798.53,4518.64,4780.5,114.56,71658.46,1256.99,160.43,973.97,1538.77,118.84,630.92,410.53,2872.64,1612.64,40994.47,428.93,35.33,485.32,1589.79,19986.52,2177.16,467.05,2773.11,822.29
2823.91,3574.03,2220.34,1369.11,2224.29,1581.64,1758.09,748.48,260.79,743.82,503.04,3234.3,4029.9,6695.99,7880.3,1086.95,1713.78,521.29,774.57,6596.67,559.23,189.14,164.54,918.87,157.82,233.21,2506.87,568.33,129.04,14953.85,2442.06,368.15,319.38,3338.54,1101.46,25796.13,3853.56,838.43,1267.13,791.35,4574.49,4116.81,528.62,887.74,1343.17,727.51,2061.17,,1837.99,2276.78,2682.73,537.96,925.42,728.94,862.5,157.76,982.98,1649.66,376.36,2764.91,14282.7,335.41,379.22,2516.97,1705.84,384.68,1255.22,1322.69,207.07,,281.21,13.59,3288.87,14393.48,,374.17,746.93,819.27,4600.62,4880.91,115.74,72110.88,1262.71,161.84,982.47,1548.42,118.61,633.22,411.05,2896.53,1623.85,40979.2,434.39,35.3,483.96,1592.43,20001.94,2132.41,470.04,2776.19,847.54
2817.63,3576.78,2256.46,1390.53,2249.59,1576.89,1795.1,748.63,260.72,751.78,503.59,3252.57,4001.17,6740.16,7823.78,1088.78,1710.46,514.09,742.31,6656.33,586.04,186.05,162.9,941.59,158.97,230.82,2489.52,564.01,128.05,15097.18,2440.1,365.64,320.9,3313.03,1102.85,26082.57,3770.98,833.97,1262.46,792.92,4543.93,4192.53,530.34,869.57,1294.82,724.25,2060.82,,1868.7,2278.28,2663.62,528.61,930.12,733.38,871.71,159.71,984.43,1657.13,378.43,2810.7,14164.56,338.13,373.32,2516.33,1713.0,377.76,1279.58,1313.27,204.71,,275.34,13.76,3274.47,14623.26,,357.67,755.98,825.4,4770.85,4902.49,115.26,72723.52,1271.71,162.22,995.33,1595.96,118.96,638.98,412.34,2919.09,1632.18,40390.32,442.23,35.36,488.77,1577.93,20004.82,2199.94,469.86,2834.54,907.54
2783.29,3520.91,2233.35,1390.41,2249.42,1538.24,1763.99,738.1,261.53,738.77,487.35,3184.18,3935.93,6597.27,7652.73,1068.71,1667.92,498.28,728.32,6657.34,579.43,185.06,157.1,916.01,156.82,229.57,2399.28,554.61,125.68,14823.75,2414.39,364.31,320.95,3245.35,1076.43,26032.21,3640.36,819.94,1231.51,774.43,4522.73,4101.62,521.08,855.02,1268.41,711.84,2025.13,,1851.82,2238.94,2558.21,519.42,922.25,722.68,844.57,157.82,980.26,1646.58,367.89,2781.9,13903.41,334.58,372.65,2482.3,1673.76,376.7,1278.27,1292.75,207.33,,270.51,13.97,3282.15,14391.52,,351.01,742.35,829.02,4561.72,4706.81,112.23,72389.78,1263.22,159.52,1011.08,1560.88,116.6,642.9,404.12,2837.66,1640.83,40080.48,433.17,34.92,477.72,1555.51,19895.57,2130.89,465.32,2761.02,903.94
2728.03,3511.35,2184.05,1376.57,2242.4,1548.21,1791.1,727.65,263.04,734.19,487.2,3135.3,3908.79,6469.87,7571.47,1055.35,1651.18,496.12,719.41,6603.61,573.01,188.57,161.42,903.02,159.35,236.99,2327.57,544.54,126.97,14576.01,2332.74,365.29,319.02,3418.82,1079.19,25627.02,3547.24,798.41,1220.98,764.36,4404.94,4016.08,510.16,828.69,1283.02,697.13,2006.11,,1823.06,2216.56,2501.68,522.91,907.18,722.47,839.02,158.11,957.23,1628.76,358.29,2712.03,13576.32,330.66,370.31,2453.07,1649.57,371.77,1289.6,1263.96,212.52,,273.52,13.68,3206.84,14284.17,,344.73,734.14,834.2,4293.04,4743.12,111.7,72321.61,1273.2,158.89,1009.53,1510.83,115.63,631.09,400.25,2688.78,1637.79,39730.57,430.75,34.9,470.36,1540.55,19361.85,2069.02,462.45,2774.99,865.8
2677.81,3511.1,2175.18,1362.2,2228.94,1581.05,1806.37,724.4,263.04,734.16,487.16,3101.03,3888.6,6396.77,7460.57,1065.38,1650.68,499.05,711.9,6449.67,570.98,189.2,166.32,899.57,159.21,237.16,2270.07,530.32,126.89,14375.9,2316.34,364.99,315.34,3335.2,1097.19,25459.21,3552.3,797.05,1255.64,769.92,4393.24,4008.56,517.98,820.37,1301.09,693.69,1978.87,,1797.21,2309.29,2474.39,520.82,912.14,717.37,830.15,162.0,956.8,1594.0,345.11,2697.38,13498.07,327.33,365.89,2503.68,1625.24,370.5,1297.73,1256.75,216.64,,273.4,13.58,3213.98,14273.0,,350.84,733.8,829.67,4141.83,4784.32,108.28,71766.34,1237.88,158.73,958.66,1496.3,114.24,632.46,404.78,2807.83,1632.22,39544.36,429.48,34.54,468.17,1541.83,18786.92,2055.22,454.1,2777.88,849.97
2619.88,3444.54,2146.43,1321.98,2160.17,1543.57,1776.45,715.4,264.96,716.39,478.71,3029.39,3735.33,6051.04,7279.51,1045.61,1620.55,484.25,677.37,6212.61,566.33,185.5,164.59,876.82,158.73,235.14,2214.31,518.1,125.07,13669.32,2251.19,357.06,304.41,3277.86,1061.42,24306.06,3509.87,761.2,1267.8,758.61,4189.06,3919.93,509.82,806.18,1285.28,673.86,1959.14,,1748.79,2242.31,2383.59,507.39,901.24,689.04,813.79,159.68,934.77,1580.21,331.53,2657.99,13471.57,317.74,353.36,2549.56,1570.84,366.85,1263.22,1237.01,214.83,,267.71,13.19,3110.11,13915.52,,346.76,720.98,790.77,3868.14,4599.97,104.01,69974.52,1207.37,153.75,914.54,1477.03,112.14,612.24,362.92,2854.8,1596.85,39382.49,410.67,33.78,445.02,1540.57,18246.71,1976.13,449.8,2793.34,819.15
2540.75,3410.95,2121.18,1305.53,2148.8,1565.89,1765.36,713.62,263.34,712.39,477.81,2994.14,3530.54,6002.3,7270.37,1066.84,1613.07,483.71,661.6,6199.42,564.46,183.57,165.27,881.64,158.19,241.95,2188.42,508.19,123.41,13767.26,2207.74,353.88,308.06,3282.11,1064.7,23867.89,3544.92,745.83,1252.24,756.67,4204.7,3906.41,506.21,795.05,1270.71,664.57,1938.58,,1709.63,2184.24,2338.55,494.66,887.1,676.15,801.55,157.12,935.14,1582.95,328.18,2607.03,13595.72,313.13,343.83,2517.37,1546.83,364.78,1258.06,1212.06,215.96,,266.88,13.01,3098.05,13642.17,,351.38,727.99,788.92,3816.24,4558.0,103.07,68896.8,1193.61,148.52,890.89,1457.13,111.67,614.01,352.74,2749.47,1594.65,39078.3,401.34,33.41,440.58,1521.99,18434.59,1954.58,445.27,2725.03,793.36
2495.14,3448.48,2172.27,1334.92,2200.26,1558.97,1790.04,722.26,263.62,711.23,477.99,3081.2,3444.79,5986.48,7503.14,1077.02,1615.1,480.28,663.29,6367.8,565.44,175.63,157.8,862.18,158.79,245.68,2151.39,503.87,123.59,13770.68,2210.81,354.4,302.91,3268.66,1081.09,24351.47,3610.3,768.19,1254.2,777.44,4281.31,3916.33,505.51,783.4,1277.13,680.42,1936.42,,1716.73,2272.1,2409.2,498.33,897.08,661.23,805.13,151.21,927.01,1590.91,326.08,2595.92,13618.09,314.26,334.52,2491.11,1555.0,365.78,1196.85,1222.85,217.08,,271.44,13.04,2996.72,13694.45,,352.29,725.96,790.4,3746.63,4407.73,102.89,69437.83,1179.5,144.38,907.35,1470.65,111.37,609.74,341.65,2565.99,1561.76,38702.9,399.69,33.57,431.62,1507.79,18280.68,1924.96,434.69,2547.86,780.05
2454.29,3411.67,2141.85,1343.69,2210.76,1525.18,1808.07,724.65,255.9,714.34,471.45,3031.19,3359.59,5836.68,7426.96,1063.1,1575.96,470.86,664.42,6322.62,566.9,169.8,156.93,858.1,153.25,242.5,2114.07,502.14,121.48,13437.73,2178.69,350.34,294.49,3241.87,1089.94,23654.2,3589.43,748.56,1232.74,775.6,4283.79,3895.63,506.76,765.89,1283.41,665.98,1875.53,,1679.53,2296.0,2398.62,500.07,885.82,645.16,808.48,151.05,926.67,1574.37,321.43,2563.81,13485.85,310.93,332.64,2451.36,1534.71,358.11,1156.89,1221.02,213.07,,266.45,12.85,2945.62,13325.99,,356.67,717.06,797.39,3741.94,4240.08,99.94,68499.62,1152.25,142.49,910.14,1453.5,108.62,588.48,328.1,2598.68,1568.85,38441.66,386.07,33.01,421.72,1495.97,17888.57,1866.75,412.69,2393.06,729.06
2400.6,3415.9,2136.05,1307.63,2169.88,1514.29,1776.47,709.05,251.92,701.29,462.77,3039.28,3287.8,5593.5,7266.95,1061.79,1529.96,470.53,653.02,6155.18,549.68,166.78,157.27,848.39,149.83,235.36,2054.07,499.52,121.27,12930.19,2132.69,340.73,288.95,3200.46,1062.71,22903.46,3583.21,735.11,1217.94,772.51,4210.15,3856.96,495.3,721.97,1254.15,661.32,1855.13,,1636.98,2274.4,2369.35,495.04,861.6,630.66,792.84,149.75,924.27,1558.94,320.56,2515.04,13430.64,307.25,328.39,2401.14,1485.26,362.67,1123.94,1210.85,208.43,,262.14,12.61,2952.51,13092.31,,344.32,696.3,769.45,3576.5,4174.92,97.68,67539.4,1117.01,138.56,877.53,1446.49,105.95,574.6,315.74,2524.01,1549.16,37465.69,373.27,29.46,402.91,1476.51,17825.71,1805.3,401.59,2215.28,723.21
2451.67,3409.83,2195.77,1301.55,2160.08,1516.02,1778.76,696.81,258.72,689.67,461.88,3077.04,3283.7,5642.07,7225.46,1064.35,1547.2,472.26,647.23,6212.7,555.76,171.07,155.97,880.38,145.62,236.17,2113.06,505.58,123.52,12916.6,2143.2,341.33,288.61,3290.97,1057.06,22712.9,3676.73,736.36,1216.21,812.21,4306.12,3943.27,493.57,719.79,1286.62,663.72,1806.81,,1660.16,2282.52,2445.37,507.22,892.95,618.05,831.8,150.42,932.44,1599.98,326.81,2595.7,13462.26,322.65,330.58,2467.42,1493.31,361.8,1121.87,1236.74,209.51,,262.36,12.63,2978.97,13291.3,,369.97,700.53,787.76,3542.59,4172.24,97.45,71617.74,1129.74,138.61,882.45,1467.35,106.39,568.89,304.96,2312.42,1576.97,35039.24,404.94,29.47,398.04,1484.53,18021.14,1839.59,399.4,2230.34,718.93
2444.28,3399.01,2205.86,1301.12,2164.73,1491.82,1806.37,690.37,255.88,684.29,454.93,3020.48,3467.52,5620.7,7253.43,1048.66,1549.72,468.95,641.1,6044.19,550.45,171.49,154.2,887.07,146.52,234.85,2122.33,499.33,122.24,12648.08,2111.3,336.34,282.87,3287.95,1043.62,22027.91,3705.96,719.35,1192.45,791.92,4254.2,3882.49,499.78,716.89,1299.28,640.02,1775.47,,1648.66,2303.46,2577.58,499.46,902.24,613.04,811.69,150.06,935.4,1592.46,326.36,2587.55,13321.83,334.37,320.01,2491.16,1463.26,369.03,1113.49,1237.16,209.6,,256.14,12.64,2900.23,13207.16,,375.42,684.01,798.21,3563.59,4102.46,98.42,72467.62,1132.77,137.82,887.72,1450.27,105.58,550.94,290.51,2280.99,1545.17,32634.01,403.53,29.56,392.35,1508.21,17988.03,1863.9,402.39,2218.97,711.86
2501.03,3410.54,2251.76,1309.07,2183.26,1508.46,1834.57,702.51,262.07,703.33,462.65,3004.2,3574.57,5767.26,7451.5,1072.2,1586.35,478.33,650.65,6042.05,549.78,180.9,160.85,887.18,149.01,236.07,2146.4,500.64,123.17,12824.41,2145.54,340.16,292.23,3351.26,1055.74,22036.84,3761.34,728.11,1193.16,810.56,4243.24,3900.65,499.67,730.93,1297.41,636.15,1780.11,,1655.83,2319.75,2679.5,501.28,906.61,630.37,824.08,153.5,927.05,1575.32,329.26,2577.01,13274.36,342.42,325.88,2523.48,1473.63,368.34,1159.41,1247.66,211.18,,254.22,13.1,2895.86,13463.5,,379.83,683.45,810.82,3569.16,4224.25,101.21,73521.05,1168.07,142.3,898.63,1478.87,107.92,540.31,311.81,2277.45,1547.49,32425.48,416.7,29.77,421.66,1529.64,18309.59,1940.14,405.38,2297.84,734.78
2535.87,3467.64,2275.79,1321.44,2195.14,1525.79,1853.72,703.54,265.52,711.44,463.11,3092.5,3719.59,5869.06,7580.72,1085.73,1594.68,487.64,662.79,6210.39,552.32,185.32,162.83,902.21,149.11,230.87,2178.46,510.18,119.45,12862.76,2158.47,336.79,293.79,3400.47,1074.14,22310.72,3797.34,742.05,1191.87,829.44,4356.01,3935.82,507.44,758.16,1290.77,642.16,1794.09,,1727.43,2332.94,2719.42,518.84,914.35,636.07,840.88,154.29,953.62,1591.56,332.83,2619.18,13079.77,337.4,342.02,2538.18,1491.67,364.08,1188.16,1252.63,220.69,,245.77,13.68,2941.5,14124.04,,389.44,689.54,818.25,3623.92,4289.04,100.89,74385.68,1186.51,142.62,907.92,1495.89,109.6,552.68,319.64,2387.49,1568.4,32697.14,420.04,29.89,431.57,1530.94,18509.35,1992.02,401.79,2374.85,758.99
2494.14,3300.3,2267.29,1286.32,2138.58,1437.53,1801.83,681.96,274.44,692.41,447.36,3044.2,3584.54,5695.41,7433.1,1023.73,1549.28,457.27,650.68,6114.14,533.22,181.91,159.98,887.77,146.84,224.42,2130.83,494.27,116.34,12362.71,2101.26,326.12,286.13,3347.62,1059.35,22149.93,3727.91,723.21,1115.25,801.62,4245.98,3934.6,498.49,737.44,1252.83,627.51,1717.4,,1663.52,2296.08,2689.0,513.14,896.82,603.49,803.0,151.99,943.51,1575.26,318.78,2577.75,12907.06,315.91,327.88,2526.77,1457.49,362.7,1131.89,1211.53,220.73,,240.08,13.57,2919.79,13589.3,,370.71,633.57,809.06,3453.21,4012.84,96.24,73674.57,1158.01,139.34,870.01,1454.57,107.61,534.65,304.07,2316.01,1547.36,32032.22,401.61,29.04,418.6,1522.55,18021.23,1896.84,398.33,2275.59,728.82
2569.3,3291.06,2329.55,1311.98,2190.46,1456.73,1825.19,686.98,280.22,705.43,460.64,3108.79,3660.4,5772.86,7588.43,1027.27,1599.45,458.53,669.22,6121.69,542.22,185.58,161.84,910.45,149.54,229.56,2137.78,503.44,117.16,12572.56,2119.59,332.92,292.97,3426.75,1073.04,22107.63,3803.88,737.37,1127.14,766.56,4286.82,4205.23,513.52,761.55,1252.29,631.4,1714.26,,1669.64,2359.75,2694.28,525.67,903.92,627.79,801.59,156.08,973.13,1591.91,331.29,2639.8,13092.84,317.1,336.89,2588.69,1496.91,364.5,1160.8,1241.61,226.48,,242.18,13.98,2984.22,13919.04,,374.77,638.07,812.11,3451.16,4032.01,99.14,74365.63,1159.85,144.63,892.6,1480.89,108.83,547.43,314.63,2308.71,1542.21,31723.74,417.51,29.86,427.77,1539.48,17996.93,1921.31,399.52,2321.9,732.2
2617.9,3310.62,2371.19,1319.39,2202.58,1474.06,1857.9,687.99,275.05,718.01,465.61,3173.18,3632.58,5839.51,7887.53,1025.49,1642.05,464.33,677.71,6050.61,550.81,184.46,156.46,924.82,150.98,226.31,2175.25,509.14,117.49,12693.15,2202.64,331.92,296.89,3498.8,1081.29,21930.61,3822.36,749.12,1138.09,757.36,4132.78,4291.4,515.79,764.47,1228.18,632.87,1738.97,,1711.76,2388.94,2745.56,533.96,934.48,554.41,791.69,154.13,978.03,1599.8,335.63,2668.98,13280.07,318.19,339.83,2650.8,1488.11,365.37,1028.79,1254.67,228.62,,239.24,13.92,3001.62,14200.58,,373.64,634.89,798.14,3522.05,4127.01,99.01,74258.4,1161.75,130.59,910.15,1488.14,108.88,566.42,303.31,2266.79,1568.67,31511.85,424.64,30.43,411.58,1552.33,18008.42,1912.7,402.29,2232.15,731.17
2619.42,3295.55,2321.78,1313.26,2202.45,1446.72,1876.46,679.99,272.23,711.23,463.29,3120.81,3626.86,5791.06,7846.36,997.82,1626.59,462.17,670.65,5866.11,552.18,183.45,152.03,918.84,149.22,227.77,2142.56,503.06,118.55,12422.17,2188.02,331.03,298.52,3469.17,1070.54,21807.51,3802.46,759.54,1111.82,758.52,3718.53,4331.59,507.64,755.43,1208.37,617.12,1705.97,,1677.21,2400.7,2728.3,530.76,952.07,548.43,781.56,153.26,970.72,1560.6,328.29,2581.08,13239.94,313.42,332.75,2636.66,1400.91,362.82,1019.59,1228.7,225.81,,241.71,13.61,2940.74,14083.93,,370.28,608.38,791.45,3489.24,4024.58,96.56,74008.53,1145.92,128.15,905.16,1454.78,107.98,543.75,309.73,2178.1,1546.0,31089.95,422.16,30.43,406.14,1550.33,17994.68,1802.66,407.86,2178.27,716.84
2625.82,3195.48,2300.44,1329.41,2235.4,1418.99,1917.94,684.58,272.08,716.18,458.77,2897.66,3618.12,5837.35,7756.97,973.38,1601.93,448.23,666.11,5880.11,567.94,181.91,150.69,911.73,150.26,225.01,2125.23,496.72,115.92,12439.52,2133.57,328.6,307.92,3505.75,1106.78,21404.11,3781.03,749.6,1060.85,758.97,3609.87,4341.91,520.37,720.9,1232.25,577.6,1702.99,,1655.04,2364.41,2695.46,523.89,935.28,531.6,756.24,152.39,976.31,1564.81,315.34,2625.98,13199.48,311.45,325.12,2634.12,1404.78,362.39,1003.91,1226.17,220.87,,236.22,13.19,2968.89,13868.72,,368.85,594.83,771.91,3373.13,3853.01,95.08,74423.51,1133.19,122.35,908.18,1444.71,107.59,525.51,305.42,2182.1,1495.05,30922.68,419.77,30.29,397.78,1530.87,17919.06,1820.02,410.14,2107.46,694.31
2587.3,3203.65,2278.15,1355.58,2275.16,1419.06,1903.73,686.11,265.96,722.78,460.09,2786.98,3533.68,5756.96,7739.64,978.63,1556.99,448.94,676.98,5798.98,571.89,181.59,150.3,903.54,152.55,226.19,2114.66,493.88,113.52,12324.71,2128.57,318.95,302.53,3544.36,1095.49,21222.79,3813.52,743.54,1073.12,766.91,3435.13,4318.8,521.63,690.39,1262.92,558.62,1720.02,,1759.68,2326.85,2702.96,527.1,922.69,539.87,747.82,150.53,966.6,1586.43,312.5,2859.78,13072.01,310.99,324.38,2607.16,1370.85,363.19,1033.14,1194.03,218.25,,231.36,13.03,2976.85,13749.35,,368.23,594.41,744.22,3438.11,3816.32,95.82,74519.83,1125.27,123.29,889.16,1447.8,106.55,528.71,305.03,2115.55,1495.27,30544.58,413.94,29.74,401.89,1512.97,17591.63,1827.56,405.19,2059.85,662.89
2574.11,3254.66,2312.32,1384.2,2320.79,1451.94,1935.26,687.84,268.11,737.09,470.69,2814.63,3617.47,6002.98,7909.07,1001.6,1590.0,462.88,689.25,5924.19,596.67,183.87,144.6,903.38,151.48,225.07,2139.68,497.94,114.11,12765.78,2156.29,323.09,298.46,3540.55,1120.47,21839.34,3842.87,763.02,1113.75,781.89,3494.76,4355.79,530.33,703.4,1264.1,571.4,1778.05,,1819.57,2368.31,2745.98,523.96,940.43,548.39,775.58,146.55,966.75,1605.12,324.3,2917.76,13328.69,323.15,330.89,2691.03,1400.14,365.83,1046.56,1173.01,217.18,,229.79,13.36,3042.89,14179.37,,369.75,602.66,755.86,3672.84,3958.19,99.0,74989.37,1070.15,124.41,920.45,1473.52,108.83,531.17,309.48,2176.55,1596.65,31137.34,429.01,30.43,413.39,1519.24,17521.87,1677.39,405.47,2157.25,673.36
2640.57,3357.16,2352.34,1409.32,2375.69,1519.01,1920.59,696.04,268.88,748.5,474.04,2856.7,3745.53,6089.14,8018.9,1041.84,1649.22,477.62,693.83,6096.73,606.38,185.81,143.39,894.91,151.13,228.21,2236.71,507.32,115.16,12920.1,2215.63,326.38,298.15,3580.62,1139.66,22434.53,3876.26,772.69,1158.71,793.0,3575.4,4373.84,530.56,727.45,1280.03,592.96,1824.99,,1809.27,2415.29,2770.58,533.87,990.5,537.59,817.41,143.7,986.51,1610.31,341.36,2912.65,13405.63,328.21,335.34,2763.46,1431.15,369.75,1052.09,1212.03,219.36,,230.95,13.47,3073.18,14421.86,,375.63,613.65,780.52,3797.11,4171.38,100.74,75317.8,1114.8,124.06,938.81,1523.82,110.3,528.59,310.39,2178.14,1640.8,31448.73,441.5,31.29,413.57,1524.79,19677.48,1739.61,406.39,2172.81,688.4
2638.54,3361.72,2342.19,1396.23,2312.21,1503.66,1859.49,700.16,270.75,752.17,471.12,2857.56,3957.72,6104.76,7973.65,1038.05,1658.33,477.58,687.84,6083.99,599.91,191.96,149.53,861.44,155.68,232.84,2210.95,516.68,116.24,12953.65,2237.36,326.84,300.31,3630.44,1167.03,22207.49,3890.89,778.46,1178.28,772.13,3592.79,4364.14,524.26,740.29,1270.65,609.42,1891.49,,1829.65,2437.93,2771.65,535.8,1031.4,549.82,814.44,147.86,993.37,1627.39,346.07,2861.88,13629.06,327.15,334.7,2776.63,1434.54,369.61,1059.42,1202.96,225.7,,228.82,13.26,3130.69,14603.37,,380.7,616.32,783.17,4095.99,4242.58,101.34,77151.96,1138.45,125.68,934.06,1536.96,111.31,534.3,320.52,1911.88,1648.05,32036.65,446.05,31.59,421.72,1516.48,20132.79,1859.49,404.35,2061.24,740.21
2638.15,3361.69,2336.94,1391.06,2320.21,1491.29,1859.54,697.2,272.2,751.0,468.69,2882.2,3888.78,6034.85,7958.64,1028.76,1649.92,473.95,687.04,6009.55,604.79,195.79,150.54,846.31,158.3,230.02,2225.11,520.64,118.19,12738.0,2235.28,328.02,307.9,3586.05,1158.7,21871.86,3767.91,774.24,1163.33,768.62,3581.07,4320.97,544.03,735.86,1252.56,602.68,1863.12,,1844.78,2445.13,2774.7,524.78,1037.92,564.47,806.27,148.51,988.29,1629.93,339.38,2830.71,13959.34,330.92,329.64,2756.27,1430.32,371.38,1065.59,1192.36,227.29,,231.41,13.23,3128.38,14633.67,,376.21,612.74,779.04,4123.98,4250.69,101.16,76880.84,1121.02,126.25,927.92,1540.34,110.99,546.36,319.23,1839.62,1655.91,31902.45,442.87,31.43,412.61,1515.94,20806.76,1853.98,400.61,1968.49,765.25
2701.3,3406.45,2277.91,1383.53,2295.18,1497.25,1862.2,691.34,271.97,747.47,469.68,2884.48,3881.78,6021.94,7911.2,1030.21,1639.27,474.08,689.01,5961.18,600.5,197.91,150.68,851.33,157.72,225.74,2207.55,518.12,117.38,12809.27,2222.35,328.95,306.16,3550.53,1135.0,21592.91,3702.02,775.77,1143.95,765.0,3523.93,4333.59,544.13,740.76,1233.54,616.59,1863.27,,1833.3,2414.77,2743.58,517.29,1048.73,566.69,821.4,149.32,990.64,1600.39,337.75,2855.41,14115.32,331.14,322.37,2669.79,1427.36,374.24,1071.47,1178.87,224.2,,230.7,13.41,3091.42,14672.21,,363.65,608.06,778.6,3944.85,4309.63,104.23,75592.69,1112.77,126.86,936.6,1532.86,111.65,534.46,319.25,1910.58,1660.86,31656.83,439.66,31.8,409.91,1510.12,21276.45,1815.61,410.98,2001.31,745.75
2793.34,3461.63,2295.14,1388.75,2293.69,1540.73,1864.2,689.19,273.54,750.04,470.15,2888.89,3815.51,6106.62,7817.47,1058.6,1660.81,483.14,685.61,5766.59,610.57,197.34,152.18,864.45,156.16,226.76,2220.72,517.59,118.39,12964.59,2216.57,329.33,301.95,3529.69,1151.59,20801.45,3689.94,783.74,1161.66,768.4,3500.02,4353.42,550.52,746.29,1232.27,615.62,1875.09,,1829.14,2376.12,2692.49,516.13,1037.3,568.79,815.03,148.49,973.12,1576.26,335.64,2800.65,14091.69,324.04,322.23,2619.85,1359.4,367.64,1075.73,1164.56,226.8,,232.97,13.3,3110.76,14548.21,,357.85,612.42,775.71,3870.71,4392.74,103.35,76451.94,1109.98,127.92,936.86,1536.91,112.2,530.44,319.38,1879.88,1653.77,32052.31,435.91,31.83,411.01,1507.13,21499.52,1800.35,412.79,1982.03,757.0
2775.79,3418.11,2277.53,1380.25,2278.63,1518.42,1861.28,684.27,273.53,746.9,461.88,2836.48,3730.58,5987.51,7684.79,1035.29,1643.96,469.96,676.11,5626.65,609.15,194.44,154.34,863.49,156.36,224.94,2184.18,508.77,117.3,12437.81,2165.4,320.8,298.85,3484.39,1142.81,20134.18,3777.88,771.82,1130.76,755.22,3491.57,4309.18,556.79,736.15,1208.01,594.45,1848.88,,1804.82,2354.38,2657.59,511.73,1030.15,573.28,801.07,148.42,973.81,1542.7,326.83,2770.51,13928.59,322.84,316.2,2547.09,1325.75,365.91,1070.79,1152.46,228.04,,227.36,13.22,3113.72,14318.65,,354.85,606.05,772.67,3720.95,4284.01,101.05,75403.95,1078.04,123.16,927.38,1520.57,109.48,522.6,317.59,1811.73,1602.6,31299.2,428.71,31.33,404.96,1508.63,20802.32,1772.89,412.05,1995.92,743.56
2773.03,3375.14,2216.6,1362.41,2249.77,1509.44,1847.76,680.42,273.48,737.02,462.95,2747.86,3727.12,5894.2,7700.49,1022.32,1600.17,467.67,667.43,5493.64,602.33,197.89,160.77,846.27,156.3,224.96,2104.29,501.54,118.37,12329.88,2137.39,320.45,304.03,3409.48,1127.37,19706.45,3825.41,768.04,1130.26,749.33,3487.72,4158.18,559.24,734.22,1158.79,581.16,1852.5,,1810.4,2353.05,2636.04,499.33,1034.32,572.21,789.9,151.33,971.4,1514.13,318.64,2775.68,13851.61,326.43,316.17,2545.56,1311.15,363.95,1069.34,1125.92,228.35,,229.88,13.12,3111.33,14131.09,,350.78,605.56,754.31,3620.07,4270.1,101.81,72419.06,1067.61,123.39,923.54,1497.61,109.63,516.72,315.29,1832.88,1584.81,31864.64,432.79,31.26,406.52,1511.13,20960.35,1776.49,408.57,2048.85,725.28
2741.07,3380.99,2199.29,1369.67,2261.92,1502.54,1861.06,674.4,270.49,733.36,470.58,2720.56,3732.92,5936.84,7832.62,1027.78,1589.39,469.31,664.37,5560.52,602.51,199.51,164.52,846.29,158.1,224.9,2118.39,495.0,118.47,12456.23,2114.44,322.83,299.61,3348.69,1142.76,19687.07,3808.95,781.75,1128.04,748.72,3500.93,4165.84,548.69,731.03,1113.84,578.95,1893.71,,1800.79,2361.57,2644.53,491.35,1044.43,577.58,778.44,152.84,963.79,1511.53,325.78,2805.41,13879.46,329.14,316.65,2588.09,1335.2,362.75,1083.69,1114.07,228.67,,233.0,13.21,3139.35,14110.99,,348.25,609.76,737.43,3634.42,4299.93,103.78,71181.08,1072.76,123.48,921.57,1486.91,110.81,519.65,314.68,1824.79,1579.67,32535.75,435.67,31.35,404.12,1522.58,21000.41,1761.22,404.35,2074.36,717.51
2763.87,3407.19,2196.82,1368.42,2255.77,1504.92,1852.49,670.14,269.79,728.7,465.94,2669.72,3803.43,5892.14,7935.68,1024.48,1579.53,470.77,655.01,5481.26,603.58,199.12,166.08,848.26,156.04,223.87,2134.47,493.47,118.67,12424.62,2077.88,328.7,295.41,3346.15,1154.37,19224.11,3846.95,773.12,1129.88,753.94,3490.44,4303.68,554.98,729.61,1131.92,572.31,1865.22,,1788.44,2356.66,2679.35,490.65,1044.69,570.35,783.24,152.8,967.57,1513.19,323.9,2857.1,13719.5,332.33,333.76,2586.74,1309.3,365.91,1055.38,1119.94,226.12,,237.84,13.15,3138.72,14269.0,,360.32,619.23,741.28,3729.39,4336.82,104.01,70346.88,1072.56,121.95,914.94,1494.04,108.81,528.12,305.62,1820.0,1579.12,32807.52,429.88,31.0,398.06,1537.44,20780.52,1736.02,400.52,2110.26,727.46
